"Carimbo de data/hora","Nome de usuário","Nome de usuario do discord (ex: user#0001)","Qual a diferença de ban para kick?","O que você faria para melhorar o servidor?","Quais horários você fica online","Quais suas qualidades ?","Por que você quer ser membro da equipe ?","Cite 4 comandos de moderação da loritta?","Qual sua idade?","De que outros servidores você foi mod?","Scam é permitido?","Qual sua experiência liderando servidores","Sua verificação de duas etapas está ativada ?"
"2021/10/01 12:14:39 AM GMT-3","lucass166085@gmail.com","xLucasx#8997","Ban: você pode banir permanente ou pornuk dia ou hora exata, o kick é que você podera voltar com um link de invite!","Ajudaria nos cargos, nos canais de voz e de texto, seria positivo e mostrar o lado bom da vida","Manhã (06:00 ~ 11:59);Tarde (12:00 ~ 17:59);Noite (18:00 ~ 23:59);Madrugada (00:00 ~ 05:59)","Moderador Administrador","Para ajudar","+ban
+kick
+mute
+warn","14","Por enquanto nenhum :(","Não","Eu Não sei responder pois, nunca fui staff!","Sim"
"2021/10/01 6:37:48 AM GMT-3","mayconwilliam790@gmail.com","彡| yArcane zLegendary | ツ#8085","
O Ban faz a pessoa nunca mais pode voltar pro servidor, a menos que o banimento seja retirado pela pessoa que baniu ele. Já o kick é quando alguém é espulso do servidor, invés do banimento a pessoa pode voltar por um novo convite sem a ajuda de ninguém.","Acho que... Fazer novos sorteios, eventos, e também mudar o tema do servidor ""ALAN CARROS IRADOS"" pô quem vai entrar num server com esse tema?","Manhã (06:00 ~ 11:59);Noite (18:00 ~ 23:59)","Criar regras/substituir regras, configurar bots, moderar servidores, administrar servidores, ajudar no suporte.","Para ajudar a melhorar o servidor o máximo possível, parece meio chato fazer parte da staff mais é muito importante.","+daily (pegar o sonhos diariamente +ship (shipa as pessoas de 1% a 100%) +gumball (esse eu gosto muito mostra o gumball dizendo o que ele faz quando fica triste) +ban (a loritta consegue banir por determinado tempo e também silenciar alguém.)
","11 anos.","Servidor do mineiro, do Gui Neto, do Luiz Neto da The Dark Comporation e etc etc....","Não","Moderar.","Sim"
"2021/10/01 6:45:52 AM GMT-3","moreiravinicius12345@gmail.com","Bf o Anão #2433","Para ban é se tiver mandando alguma coisa errada tipo +18 falando palavrão e etc e kick é pq fica divulgando no PV e etc","Fazer algumas melhorias e banir membros que não estão fazendo exato com as regras","Manhã (06:00 ~ 11:59);Tarde (12:00 ~ 17:59);Noite (18:00 ~ 23:59)","Moderar o sever se precisar e etc","Vou ajudar muito pq quando não tenho nada pra fazer eu entro no discord aí fico","+lock +ban +mute +kick","9","Nenhum","Não","O meu do meu amigo e meu outro amigo","Sim"